t_ms,x_mm,y_mm,heading_deg,v_mm_s,omega_rad_s,pwmL,pwmR
0,1745.0193419552559,500.0,0.0,19.341955255916723,0.0,2000,2000
1,1745.0576428693928,500.0,0.0,38.300914136924916,0.0,2000,2000
2,1745.114527329872,500.0,0.0,56.884460479366474,0.0,2000,2000
3,1745.1896273578216,500.0,0.0,75.10002794956229,0.0,2000,2000
4,1745.282582260839,500.0,0.0,92.95490301737792,0.0,2000,2000
5,1745.3930384887099,500.0,0.0,110.45622787090866,0.0,2000,2000
6,1745.5206494919832,500.0,0.0,127.61100327345002,0.0,2000,2000
7,1745.665075583347,500.0,0.0,144.42609136389643,0.0,2000,2000
8,1745.8259838017489,500.0,0.0,160.90821840168823,0.0,2000,2000
9,1746.0030477792063,500.0,0.0,177.06397745740514,0.0,2000,2000
10,1746.1959476102563,500.0,0.0,192.89983105008247,0.0,2000,2000
11,1746.4043697239886,500.0,0.0,208.4221137323048,0.0,2000,2000
12,1746.6280067586126,500.0,0.0,223.63703462411155,0.0,2000,2000
13,1746.8665574385093,500.0,0.0,238.55067989672776,0.0,2000,2000
14,1747.1197264537163,500.0,0.0,253.16901520711372,0.0,2000,2000
15,1747.3872243418007,500.0,0.0,267.4978880843073,0.0,2000,2000
16,1747.6687673720692,500.0,0.0,281.54303026851363,0.0,2000,2000
17,1747.964077432073,500.0,0.0,295.3100600038774,0.0,2000,2000
18,1748.272881916359,500.0,0.0,308.80448428585566,0.0,2000,2000
19,1748.5949136174231,500.0,0.0,322.0317010640892,0.0,2000,2000
20,1748.9299106188248,500.0,0.0,334.9970014016546,0.0,2000,2000
21,1749.2776161904164,500.0,0.0,347.70557159155976,0.0,2000,2000
22,1749.6377786856478,500.0,0.0,360.16249523133064,0.0,2000,2000
23,1750.0101514409043,500.0,0.0,372.37275525651756,0.0,2000,2000
24,1750.3944926768384,500.0,0.0,384.34123593393633,0.0,2000,2000
25,1750.7905654016538,500.0,0.0,396.07272481543976,0.0,2000,2000
26,1751.1981373163069,500.0,0.0,407.57191465300235,0.0,2000,2000
27,1751.6169807215829,500.0,0.0,418.8434052758837,0.0,2000,2000
28,1752.0468724270136,500.0,0.0,429.8917054306215,0.0,2000,2000
29,1752.487593661598,500.0,0.0,440.7212345845904,0.0,2000,2000
30,1752.938929986292,500.0,0.0,451.3363246938475,0.0,2000,2000
31,1753.4006712082278,500.0,0.0,461.74122193597293,0.0,2000,2000
32,1753.8726112966365,500.0,0.0,471.94008840859743,0.0,2000,2000
33,1754.3545483004307,500.0,0.0,481.93700379429674,0.0,2000,2000
34,1754.8462842674232,500.0,0.0,491.7359669925191,0.0,2000,2000
35,1755.3476251651425,500.0,0.0,501.3408977191983,0.0,2000,2000
36,1755.8583808032172,500.0,0.0,510.7556380746926,0.0,2000,2000
37,1756.378364757298,500.0,0.0,519.9839540806756,0.0,2000,2000
38,1756.9073942944844,500.0,0.0,529.0295371865957,0.0,2000,2000
39,1757.4452903002307,500.0,0.0,537.8960057463045,0.0,2000,2000
40,1757.991877206696,500.0,0.0,546.5869064654471,0.0,2000,2000
41,1758.5469829225162,500.0,0.0,555.1057158201914,0.0,2000,2000
42,1759.110438763964,500.0,0.0,563.455841447865,0.0,2000,2000
43,1759.6820793874742,500.0,0.0,571.6406235100554,0.0,2000,2000
44,1760.261742723503,500.0,0.0,579.6633360287194,0.0,2000,2000
45,1760.8492699116987,500.0,0.0,587.5271881958353,0.0,2000,2000
46,1761.4445052373558,500.0,0.0,595.2353256571228,0.0,2000,2000
47,1762.047296069126,500.0,0.0,602.7908317703428,0.0,2000,2000
48,1762.6574927979648,500.0,0.0,610.1967288386822,0.0,2000,2000
49,1763.2749487772844,500.0,0.0,617.4559793197149,0.0,2000,2000
50,1763.8995202642948,500.0,0.0,624.5714870104244,0.0,2000,2000
51,1764.5310663625035,500.0,0.0,631.546098208762,0.0,2000,2000
52,1765.1694489653557,500.0,0.0,638.3826028522029,0.0,2000,2000
53,1765.8145327009895,500.0,0.0,645.0837356337593,0.0,2000,2000
54,1766.4661848780854,500.0,0.0,651.6521770958932,0.0,2000,2000
55,1767.1242754327882,500.0,0.0,658.0905547027699,0.0,2000,2000
56,1767.7886768766793,500.0,0.0,664.4014438912783,0.0,2000,2000
57,1768.4592642457806,500.0,0.0,670.5873691012403,0.0,2000,2000
58,1769.1359150505657,500.0,0.0,676.6508047852197,0.0,2000,2000
59,1769.8185092269641,500.0,0.0,682.5941763983373,0.0,2000,2000
60,1770.5069290883325,500.0,0.0,688.4198613684841,0.0,2000,2000
61,1771.20105927838,500.0,0.0,694.1301900473252,0.0,2000,2000
62,1771.9007867250225,500.0,0.0,699.7274466424707,0.0,2000,2000
63,1772.6060005951538,500.0,0.0,705.2138701311898,0.0,2000,2000
64,1773.31659225031,500.0,0.0,710.5916551560313,0.0,2000,2000
65,1774.0324552032125,500.0,0.0,715.8629529027098,0.0,2000,2000
66,1774.753485075173,500.0,0.0,721.0298719606091,0.0,2000,2000
67,1775.4795795543394,500.0,0.0,726.0944791662453,0.0,2000,2000
68,1776.2106383547693,500.0,0.0,731.0588004300297,0.0,2000,2000
69,1776.946563176316,500.0,0.0,735.9248215466597,0.0,2000,2000
70,1777.6872576653054,500.0,0.0,740.6944889894631,0.0,2000,2000
71,1778.4326273759943,500.0,0.0,745.3697106890135,0.0,2000,2000
72,1779.1825797327906,500.0,0.0,749.9523567963276,0.0,2000,2000
73,1779.9370239932216,500.0,0.0,754.4442604309514,0.0,2000,2000
74,1780.695871211636,500.0,0.0,758.8472184142314,0.0,2000,2000
75,1781.459034203624,500.0,0.0,763.1629919880678,0.0,2000,2000
76,1782.2264275111434,500.0,0.0,767.3933075194346,0.0,2000,2000
77,1782.9979673683342,500.0,0.0,771.5398571909493,0.0,2000,2000
78,1783.773571668012,500.0,0.0,775.6042996777686,0.0,2000,2000
79,1784.553159928823,500.0,0.0,779.5882608110804,0.0,2000,2000
80,1785.3366532630516,500.0,0.0,783.4933342284584,0.0,2000,2000
81,1786.123974345063,500.0,0.0,787.3210820113377,0.0,2000,2000
82,1786.915047380373,500.0,0.0,791.0730353098689,0.0,2000,2000
83,1787.7097980753283,500.0,0.0,794.7506949553982,0.0,2000,2000
84,1788.5081536073892,500.0,0.0,798.3555320608198,0.0,2000,2000
85,1789.3100425959983,500.0,0.0,801.8889886090409,0.0,2000,2000
86,1790.1153950740281,500.0,0.0,805.3524780297944,0.0,2000,2000
87,1790.924142459793,500.0,0.0,808.7473857650289,0.0,2000,2000
88,1791.7362175296162,500.0,0.0,812.0750698231045,0.0,2000,2000
89,1792.5515543909382,500.0,0.0,815.3368613220143,0.0,2000,2000
90,1793.37008845596,500.0,0.0,818.534065021849,0.0,2000,2000
91,1794.1917564158068,500.0,0.0,821.6679598467184,0.0,2000,2000
92,1795.0164962152032,500.0,0.0,824.7397993963383,0.0,2000,2000
93,1795.8442470276507,500.0,0.0,827.750812447487,0.0,2000,2000
94,1796.6749492310962,500.0,0.0,830.7022034455322,0.0,2000,2000
95,1797.5085443840824,500.0,0.0,833.5951529862256,0.0,2000,2000
96,1798.3449752023703,500.0,0.0,836.4308182879566,0.0,2000,2000
97,1799.1841855360249,500.0,0.0,839.2103336546554,0.0,2000,2000
98,1800.0261203469545,500.0,0.0,841.9348109295294,0.0,2000,2000
99,1800.8707256868943,500.0,0.0,844.6053399398152,0.0,2000,2000
100,1801.717948675827,500.0,0.0,847.2229889327245,0.0,2000,2000
101,1802.56773748083,500.0,0.0,849.788805002757,0.0,2000,2000
102,1803.4200412953405,500.0,0.0,852.3038145105521,0.0,2000,2000
103,1804.274810318834,500.0,0.0,854.7690234934466,0.0,2000,2000
104,1805.131995736902,500.0,0.0,857.1854180679038,0.0,2000,2000
105,1805.991549701726,500.0,0.0,859.5539648239724,0.0,2000,2000
106,1806.8534253129378,500.0,0.0,861.8756112119357,0.0,2000,2000
107,1807.717576598859,500.0,0.0,864.1512859213049,0.0,2000,2000
108,1808.5839584981113,500.0,0.0,866.3818992523062,0.0,2000,2000
109,1809.4525268415914,500.0,0.0,868.568343480014,0.0,2000,2000
110,1810.3232383348027,500.0,0.0,870.7114932112726,0.0,2000,2000
111,1811.1960505405373,500.0,0.0,872.8122057345498,0.0,2000,2000
112,1812.0709218619002,500.0,0.0,874.8713213628652,0.0,2000,2000
113,1812.94781152567,500.0,0.0,876.889663769925,0.0,2000,2000
114,1813.8266795659895,500.0,0.0,878.8680403196039,0.0,2000,2000
115,1814.7074868083785,500.0,0.0,880.8072423889002,0.0,2000,2000
116,1815.590194854063,500.0,0.0,882.7080456844983,0.0,2000,2000
117,1816.474766064616,500.0,0.0,884.5712105530606,0.0,2000,2000
118,1817.3611635469015,500.0,0.0,886.3974822853771,0.0,2000,2000
119,1818.249351138316,500.0,0.0,888.1875914144914,0.0,2000,2000
120,1819.139293392324,500.0,0.0,889.9422540079236,0.0,2000,2000
121,1820.030955564278,500.0,0.0,891.6621719541067,0.0,2000,2000
122,1820.9243035975212,500.0,0.0,893.3480332431519,0.0,2000,2000
123,1821.8193041097632,500.0,0.0,895.0005122420532,0.0,2000,2000
124,1822.7159243797275,500.0,0.0,896.6202699644437,0.0,2000,2000
125,1823.6141323340626,500.0,0.0,898.207954335009,0.0,2000,2000
126,1824.5138965345113,500.0,0.0,899.7642004486671,0.0,2000,2000
127,1825.4151861653359,500.0,0.0,901.2896308246136,0.0,2000,2000
128,1826.317971020991,500.0,0.0,902.7848556553381,0.0,2000,2000
129,1827.2222214940418,500.0,0.0,904.2504730507096,0.0,2000,2000
130,1828.1279085633191,500.0,0.0,905.687069277228,0.0,2000,2000
131,1829.0350037823116,500.0,0.0,907.0952189925389,0.0,2000,2000
132,1829.9434792677869,500.0,0.0,908.4754854753039,0.0,2000,2000
133,1830.8533076886374,500.0,0.0,909.8284208505199,0.0,2000,2000
134,1831.7644622549478,500.0,0.0,911.1545663103765,0.0,2000,2000
135,1832.6769167072787,500.0,0.0,912.4544523307396,0.0,2000,2000
136,1833.590645306162,500.0,0.0,913.7285988833496,0.0,2000,2000
137,1834.505622821806,500.0,0.0,914.9775156438163,0.0,2000,2000
138,1835.4218245240013,500.0,0.0,916.2017021954963,0.0,2000,2000
139,1836.3392261722306,500.0,0.0,917.401648229333,0.0,2000,2000
140,1837.2578040059705,500.0,0.0,918.5778337397394,0.0,2000,2000
141,1838.177534735187,500.0,0.0,919.7307292166024,0.0,2000,2000
142,1839.0983955310205,500.0,0.0,920.8607958334849,0.0,2000,2000
143,1840.0203640166526,500.0,0.0,921.9684856321013,0.0,2000,2000
144,1840.9434182583557,500.0,0.0,923.0542417031406,0.0,2000,2000
145,1841.8675367567191,500.0,0.0,924.1184983635081,0.0,2000,2000
146,1842.7926984380492,500.0,0.0,925.1616813300582,0.0,2000,2000
147,1843.7188826459392,500.0,0.0,926.1842078898868,0.0,2000,2000
148,1844.6460691330064,500.0,0.0,927.1864870672517,0.0,2000,2000
149,1845.5742380527936,500.0,0.0,928.1689197871879,0.0,2000,2000
150,1846.5033699518294,500.0,0.0,929.1318990358824,0.0,2000,2000
151,1847.4334457618472,500.0,0.0,930.0758100178747,0.0,2000,2000
152,1848.3644467921574,500.0,0.0,931.0010303101432,0.0,2000,2000
153,1849.2963547221705,500.0,0.0,931.9079300131413,0.0,2000,2000
154,1850.2291515940692,500.0,0.0,932.7968718988423,0.0,2000,2000
155,1851.162819805625,500.0,0.0,933.6682115558532,0.0,2000,2000
156,1852.0973421031567,500.0,0.0,934.5222975316549,0.0,2000,2000
157,1853.0327015746288,500.0,0.0,935.3594714720256,0.0,2000,2000
158,1853.9688816428866,500.0,0.0,936.180068257704,0.0,2000,2000
159,1854.905866059025,500.0,0.0,936.9844161383456,0.0,2000,2000
160,1855.8436388958887,500.0,0.0,937.7728368638277,0.0,2000,2000
161,1856.7821845417018,500.0,0.0,938.5456458129528,0.0,2000,2000
162,1857.7214876938215,500.0,0.0,939.3031521196048,0.0,2000,2000
163,1858.6615333526179,500.0,0.0,940.0456587964065,0.0,2000,2000
164,1859.6023068154739,500.0,0.0,940.7734628559291,0.0,2000,2000
165,1860.5437936709034,500.0,0.0,941.4868554295003,0.0,2000,2000
166,1861.485979792787,500.0,0.0,942.1861218836618,0.0,2000,2000
167,1862.4288513347212,500.0,0.0,942.8715419343188,0.0,2000,2000
168,1863.3723947244798,500.0,0.0,943.5433897586306,0.0,2000,2000
169,1864.3165966585846,500.0,0.0,944.201934104685,0.0,2000,2000
170,1865.2614440969835,500.0,0.0,944.8474383990014,0.0,2000,2000
171,1866.2069242578355,500.0,0.0,945.480160851904,0.0,2000,2000
172,1867.1530246123962,500.0,0.0,946.1003545608105,0.0,2000,2000
173,1868.0997328800077,500.0,0.0,946.7082676114738,0.0,2000,2000
174,1869.0470370231849,500.0,0.0,947.30414317722,0.0,2000,2000
175,1869.9949252428012,500.0,0.0,947.8882196162202,0.0,2000,2000
176,1870.943385973368,500.0,0.0,948.460730566838,0.0,2000,2000
177,1871.8924078784091,500.0,0.0,949.0219050410872,0.0,2000,2000
178,1872.8419798459254,500.0,0.0,949.5719675162397,0.0,2000,2000
179,1873.79209098395,500.0,0.0,950.1111380246201,0.0,2000,2000
180,1874.7427306161915,500.0,0.0,950.6396322416207,0.0,2000,2000
181,1875.6938882777633,500.0,0.0,951.157661571975,0.0,2000,2000
182,1876.6455537109975,500.0,0.0,951.6654332343223,0.0,2000,2000
183,1877.5977168613417,500.0,0.0,952.1631503440979,0.0,2000,2000
184,1878.5503678733364,500.0,0.0,952.6510119947819,0.0,2000,2000
185,1879.5034970866739,500.0,0.0,953.1292133375397,0.0,2000,2000
186,1880.4570950323332,500.0,0.0,953.5979456592844,0.0,2000,2000
187,1881.4111524287923,500.0,0.0,954.0573964591945,0.0,2000,2000
188,1882.3656601783161,500.0,0.0,954.5077495237161,0.0,2000,2000
189,1883.3206093633162,500.0,0.0,954.9491850000799,0.0,2000,2000
190,1884.2759912427846,500.0,0.0,955.3818794683622,0.0,2000,2000
191,1885.2317972487967,500.0,0.0,955.8060060121196,0.0,2000,2000
192,1886.1880189830845,500.0,0.0,956.2217342876248,0.0,2000,2000
193,1887.1446482136762,500.0,0.0,956.6292305917311,0.0,2000,2000
194,1888.1016768716047,500.0,0.0,957.0286579283936,0.0,2000,2000
195,1889.0590970476785,500.0,0.0,957.4201760738725,0.0,2000,2000
196,1890.016900989319,500.0,0.0,957.8039416406466,0.0,2000,2000
197,1890.9750810974592,500.0,0.0,958.1801081400592,0.0,2000,2000
198,1891.9336299235028,500.0,0.0,958.5488260437261,0.0,2000,2000
199,1892.8925401663466,500.0,0.0,958.9102428437247,0.0,2000,2000
200,1893.8518046694583,500.0,0.0,959.2645031115942,0.0,2000,2000
201,1894.8114164180145,500.0,0.0,959.6117485561651,0.0,2000,2000
202,1895.7713685360948,500.0,0.0,959.9521180802453,0.0,2000,2000
203,1896.731654283931,500.0,0.0,960.2857478361828,0.0,2000,2000
204,1897.6922670552112,500.0,0.0,960.6127712803284,0.0,2000,2000
205,1898.6532003744376,500.0,0.0,960.93331922642,0.0,2000,2000
206,1899.6144478943354,500.0,0.0,961.2475198979104,0.0,2000,2000
207,1900.5760033933147,500.0,0.0,961.5554989792572,0.0,2000,2000
208,1901.537860772981,500.0,0.0,961.8573796661997,0.0,2000,2000
209,1902.500014055696,500.0,0.0,962.1532827150376,0.0,2000,2000
210,1903.462457382187,500.0,0.0,962.4433264909359,0.0,2000,2000
211,1904.4251850092023,500.0,0.0,962.7276270152723,0.0,2000,2000
212,1905.3881913072144,500.0,0.0,963.0062980120473,0.0,2000,2000
213,1906.3514707581678,500.0,0.0,963.2794509533752,0.0,2000,2000
214,1907.315017953272,500.0,0.0,963.5471951040747,0.0,2000,2000
215,1908.2788275908374,500.0,0.0,963.809637565376,0.0,2000,2000
216,1909.2428944741553,500.0,0.0,964.0668833177629,0.0,2000,2000
217,1910.2072135094181,500.0,0.0,964.3190352629663,0.0,2000,2000
218,1911.1717797036833,500.0,0.0,964.5661942651263,0.0,2000,2000
219,1912.1365881628744,500.0,0.0,964.8084591911395,0.0,2000,2000
220,1913.1016340898245,500.0,0.0,965.0459269502063,0.0,2000,2000
221,1914.0669127823571,500.0,0.0,965.2786925325968,0.0,2000,2000
222,1915.0324196314048,500.0,0.0,965.5068490476474,0.0,2000,2000
223,1915.9981501191658,500.0,0.0,965.7304877610062,0.0,2000,2000
224,1916.964099817297,500.0,0.0,965.9496981311406,0.0,2000,2000
225,1917.9302643851422,500.0,0.0,966.1645678451214,0.0,2000,2000
226,1918.8966395679959,500.0,0.0,966.3751828536991,0.0,2000,2000
227,1919.8632211954016,500.0,0.0,966.5816274056856,0.0,2000,2000
228,1920.8300051794834,500.0,0.0,966.7839840816541,0.0,2000,2000
229,1921.7969875133103,500.0,0.0,966.9823338269732,0.0,2000,2000
230,1922.7641642692945,500.0,0.0,967.1767559841858,0.0,2000,2000
231,1923.7315315976193,500.0,0.0,967.367328324747,0.0,2000,2000
232,1924.6990857246994,500.0,0.0,967.554127080134,0.0,2000,2000
233,1925.6668229516717,500.0,0.0,967.7372269723397,0.0,2000,2000
234,1926.6347396529154,500.0,0.0,967.9167012437623,0.0,2000,2000
235,1927.602832274602,500.0,0.0,968.0926216865034,0.0,2000,2000
236,1928.571097333273,500.0,0.0,968.2650586710859,0.0,2000,2000
237,1929.5395314144475,500.0,0.0,968.4340811746025,0.0,2000,2000
238,1930.5081311712559,500.0,0.0,968.5997568083086,0.0,2000,2000
239,1931.4768933231005,500.0,0.0,968.7621518446665,0.0,2000,2000
240,1932.4458146543443,500.0,0.0,968.9213312438561,0.0,2000,2000
241,1933.414892013024,500.0,0.0,969.0773586797596,0.0,2000,2000
242,1934.3841223095894,500.0,0.0,969.2302965654317,0.0,2000,2000
243,1935.3535025156675,500.0,0.0,969.3802060780657,0.0,2000,2000
244,1936.323029662851,500.0,0.0,969.5271471834657,0.0,2000,2000
245,1937.292700841511,500.0,0.0,969.671178660033,0.0,2000,2000
246,1938.2625131996333,500.0,0.0,969.8123581222786,0.0,2000,2000
247,1939.2324639416772,500.0,0.0,969.95074204387,0.0,2000,2000
248,1940.2025503274574,500.0,0.0,970.0863857802209,0.0,2000,2000
249,1941.172769671048,500.0,0.0,970.2193435906344,0.0,2000,2000
250,1942.143119339708,500.0,0.0,970.3496686600074,0.0,2000,2000
251,1943.113596752828,500.0,0.0,970.4774131201054,0.0,2000,2000
252,1944.0841993808983,500.0,0.0,970.6026280704159,0.0,2000,2000
253,1945.054924744497,500.0,0.0,970.7253635985884,0.0,2000,2000
254,1946.0257704132973,500.0,0.0,970.8456688004707,0.0,2000,2000
255,1946.996734005097,500.0,0.0,970.9635917997475,0.0,2000,2000
256,1947.9678131848643,500.0,0.0,971.079179767191,0.0,2000,2000
257,1948.9390056638038,500.0,0.0,971.1924789395295,0.0,2000,2000
258,1949.9103091984416,500.0,0.0,971.3035346379423,0.0,2000,2000
259,1950.8817215897277,500.0,0.0,971.4123912861897,0.0,2000,2000
260,1951.8532406821562,500.0,0.0,971.5190924283825,0.0,2000,2000
261,1952.8248643629026,500.0,0.0,971.6236807464,0.0,2000,2000
262,1953.7965905609797,500.0,0.0,971.7261980769644,0.0,2000,2000
263,1954.768417246408,500.0,0.0,971.8266854283744,0.0,2000,2000
264,1955.740342429405,500.0,0.0,971.9251829969106,0.0,2000,2000
265,1956.7123641595879,500.0,0.0,972.0217301829138,0.0,2000,2000
266,1957.6844805251944,500.0,0.0,972.1163656065455,0.0,2000,2000
267,1958.6566896523177,500.0,0.0,972.2091271232372,0.0,2000,2000
268,1959.6289897041565,500.0,0.0,972.3000518388324,0.0,2000,2000
269,1960.601378880281,500.0,0.0,972.3891761244295,0.0,2000,2000
270,1961.5738554159118,500.0,0.0,972.4765356309312,0.0,2000,2000
271,1962.546417581215,500.0,0.0,972.5621653033049,0.0,2000,2000
272,1963.5190636806096,500.0,0.0,972.6460993945614,0.0,2000,2000
273,1964.491792052089,500.0,0.0,972.7283714794561,0.0,2000,2000
274,1965.464601066557,500.0,0.0,972.8090144679201,0.0,2000,2000
275,1966.4374891271752,500.0,0.0,972.888060618224,0.0,2000,2000
276,1967.4104546687252,500.0,0.0,972.9655415498819,0.0,2000,2000
277,1968.3834961569814,500.0,0.0,973.0414882562995,0.0,2000,2000
278,1969.3566120880987,500.0,0.0,973.1159311171722,0.0,2000,2000
279,1970.3298009880093,500.0,0.0,973.1888999106367,0.0,2000,2000
280,1971.3030614118345,500.0,0.0,973.2604238251834,0.0,2000,2000
281,1972.2763919433057,500.0,0.0,973.3305314713317,0.0,2000,2000
282,1973.249791194199,500.0,0.0,973.399250893075,0.0,2000,2000
283,1974.223257803778,500.0,0.0,973.4666095790982,0.0,2000,2000
284,1975.1967904382518,500.0,0.0,973.5326344737738,0.0,2000,2000
285,1976.1703877902398,500.0,0.0,973.59735198794,0.0,2000,2000
286,1977.1440485782493,500.0,0.0,973.6607880094655,0.0,2000,2000
287,1978.1177715461629,500.0,0.0,973.7229679136046,0.0,2000,2000
288,1979.091555462736,500.0,0.0,973.7839165731482,0.0,2000,2000
289,1980.0653991211045,500.0,0.0,973.8436583683725,0.0,2000,2000
290,1981.0393013383014,500.0,0.0,973.9022171967924,0.0,2000,2000
291,1982.013260954784,500.0,0.0,973.95961648272,0.0,2000,2000
292,1982.9872768339708,500.0,0.0,974.015879186635,0.0,2000,2000
293,1983.961347861785,500.0,0.0,974.071027814369,0.0,2000,2000
294,1984.9354729462111,500.0,0.0,974.1250844261086,0.0,2000,2000
295,1985.9096510168563,500.0,0.0,974.1780706452193,0.0,2000,2000
296,1986.8838810245231,500.0,0.0,974.2300076668952,0.0,2000,2000
297,1987.8581619407898,500.0,0.0,974.2809162666373,0.0,2000,2000
298,1988.8324927575984,500.0,0.0,974.3308168085645,0.0,2000,2000
299,1989.806872486852,500.0,0.0,974.3797292535587,0.0,2000,2000
300,1990.781300160019,500.0,0.0,974.4276731672503,0.0,2000,2000
301,1991.755774827747,500.0,0.0,974.4746677278439,0.0,2000,2000
302,1992.7302955594807,500.0,0.0,974.5207317337904,0.0,2000,2000
303,1993.704861443092,500.0,0.0,974.5658836113064,0.0,2000,2000
304,1994.6794715845137,500.0,0.0,974.6101414217449,0.0,2000,2000
305,1995.6541251073825,500.0,0.0,974.6535228688201,0.0,2000,2000
306,1996.6288211526883,500.0,0.0,974.6960453056894,0.0,2000,2000
307,1997.6035588784302,500.0,0.0,974.7377257418945,0.0,2000,2000
308,1998.5783374592804,500.0,0.0,974.7785808501654,0.0,2000,2000
309,1999.5531560862535,500.0,0.0,974.8186269730905,0.0,2000,2000
310,2000.528013966383,500.0,0.0,974.8578801296528,0.0,2000,2000
311,2001.5029103224047,500.0,0.0,974.8963560216382,0.0,2000,2000
312,2002.4778443924445,500.0,0.0,974.9340700399166,0.0,2000,2000
313,2003.452815429715,500.0,0.0,974.9710372705981,0.0,2000,2000
314,2004.427822702216,500.0,0.0,975.007272501068,0.0,2000,2000
315,2005.4028654924418,500.0,0.0,975.0427902259015,0.0,2000,2000
316,2006.3779430970944,500.0,0.0,975.0776046526622,0.0,2000,2000
317,2007.353054826802,500.0,0.0,975.111729707585,0.0,2000,2000
318,2008.3282000058432,500.0,0.0,975.1451790411469,0.0,2000,2000
319,2009.3033779718767,500.0,0.0,975.1779660335271,0.0,2000,2000
320,2010.2785880756767,500.0,0.0,975.21010379996,0.0,2000,2000
321,2011.2538296808727,500.0,0.0,975.2416051959806,0.0,2000,2000
322,2012.2291021636954,500.0,0.0,975.2724828225672,0.0,2000,2000
323,2013.2044049127267,500.0,0.0,975.3027490311823,0.0,2000,2000
324,2014.1797373286554,500.0,0.0,975.3324159287129,0.0,2000,2000
325,2015.1550988240376,500.0,0.0,975.3614953823135,0.0,2000,2000
326,2016.1304888230618,500.0,0.0,975.3899990241532,0.0,2000,2000
327,2017.1059067613178,500.0,0.0,975.417938256069,0.0,2000,2000
328,2018.081352085572,500.0,0.0,975.445324254126,0.0,2000,2000
329,2019.056824253545,500.0,0.0,975.4721679730887,0.0,2000,2000
330,2020.0323227336958,500.0,0.0,975.4984801508026,0.0,2000,2000
331,2021.0078470050082,500.0,0.0,975.5242713124895,0.0,2000,2000
332,2021.9833965567832,500.0,0.0,975.5495517749581,0.0,2000,2000
333,2022.958970888434,500.0,0.0,975.5743316507303,0.0,2000,2000
334,2023.934569509286,500.0,0.0,975.5986208520869,0.0,2000,2000
335,2024.9101919383809,500.0,0.0,975.6224290950324,0.0,2000,2000
336,2025.885837704284,500.0,0.0,975.6457659031813,0.0,2000,2000
337,2026.8615063448956,500.0,0.0,975.6686406115681,0.0,2000,2000
338,2027.8371974072659,500.0,0.0,975.6910623703811,0.0,2000,2000
339,2028.8129104474144,500.0,0.0,975.7130401486229,0.0,2000,2000
340,2029.788645030152,500.0,0.0,975.7345827376977,0.0,2000,2000
341,2030.764400728907,500.0,0.0,975.7556987549284,0.0,2000,2000
342,2031.740177125554,500.0,0.0,975.7763966470035,0.0,2000,2000
343,2032.7159738102473,500.0,0.0,975.7966846933557,0.0,2000,2000
344,2033.6917903812569,500.0,0.0,975.816571009474,0.0,2000,2000
345,2034.667626444807,500.0,0.0,975.8360635501502,0.0,2000,2000
346,2035.6434816149197,500.0,0.0,975.8551701126604,0.0,2000,2000
347,2036.6193555132595,500.0,0.0,975.8738983398844,0.0,2000,2000
348,2037.595247768983,500.0,0.0,975.8922557233627,0.0,2000,2000
349,2038.5711580185894,500.0,0.0,975.9102496062935,0.0,2000,2000
350,2039.547085905776,500.0,0.0,975.92788718647,0.0,2000,2000
351,2040.5230310812951,500.0,0.0,975.9451755191593,0.0,2000,2000
352,2041.498993202815,500.0,0.0,975.9621215199251,0.0,2000,2000
353,2042.4749719347824,500.0,0.0,975.9787319673935,0.0,2000,2000
354,2043.4509669482884,500.0,0.0,975.9950135059651,0.0,2000,2000
355,2044.426977920937,500.0,0.0,976.0109726484723,0.0,2000,2000
356,2045.4030045367158,500.0,0.0,976.026615778785,0.0,2000,2000
357,2046.37904648587,500.0,0.0,976.0419491543638,0.0,2000,2000
358,2047.3551034647787,500.0,0.0,976.0569789087635,0.0,2000,2000
359,2048.331175175833,500.0,0.0,976.0717110540863,0.0,2000,2000
360,2049.307261327316,500.0,0.0,976.0861514833866,0.0,2000,2000
361,2050.283361633289,500.0,0.0,976.1003059730288,0.0,2000,2000
362,2051.259475813474,500.0,0.0,976.1141801849973,0.0,2000,2000
363,2052.2356035931434,500.0,0.0,976.127779669162,0.0,2000,2000
364,2053.211744703009,500.0,0.0,976.1411098654979,0.0,2000,2000
365,2054.1878988791154,500.0,0.0,976.1541761062614,0.0,2000,2000
366,2055.1640658627334,500.0,0.0,976.1669836181228,0.0,2000,2000
367,2056.1402454002578,500.0,0.0,976.1795375242577,0.0,2000,2000
368,2057.116437243104,500.0,0.0,976.1918428463961,0.0,2000,2000
369,2058.0926411476107,500.0,0.0,976.2039045068307,0.0,2000,2000
370,2059.068856874941,500.0,0.0,976.2157273303865,0.0,2000,2000
371,2060.0450841909874,500.0,0.0,976.2273160463507,0.0,2000,2000
372,2061.021322866278,500.0,0.0,976.2386752903641,0.0,2000,2000
373,2061.997572675884,500.0,0.0,976.2498096062758,0.0,2000,2000
374,2062.973833399332,500.0,0.0,976.2607234479606,0.0,2000,2000
375,2063.950104820513,500.0,0.0,976.2714211811007,0.0,2000,2000
376,2064.9263867275977,500.0,0.0,976.2819070849321,0.0,2000,2000
377,2065.9026789129516,500.0,0.0,976.292185353956,0.0,2000,2000
378,2066.878981173051,500.0,0.0,976.3022600996171,0.0,2000,2000
379,2067.8552933084034,500.0,0.0,976.3121353519481,0.0,2000,2000
380,2068.8316151234644,500.0,0.0,976.3218150611815,0.0,2000,2000
381,2069.807946426564,500.0,0.0,976.3313030993301,0.0,2000,2000
382,2070.7842870298255,500.0,0.0,976.3406032617355,0.0,2000,2000
383,2071.760636749094,500.0,0.0,976.3497192685869,0.0,2000,2000
384,2072.7369954038604,500.0,0.0,976.3586547664084,0.0,2000,2000
385,2073.71336281719,500.0,0.0,976.3674133295185,0.0,2000,2000
386,2074.6897388156517,500.0,0.0,976.3759984614591,0.0,2000,2000
387,2075.666123229248,500.0,0.0,976.3844135963974,0.0,2000,2000
388,2076.6425158913485,500.0,0.0,976.3926621004996,0.0,2000,2000
389,2077.6189166386216,500.0,0.0,976.4007472732774,0.0,2000,2000
390,2078.5953253109706,500.0,0.0,976.4086723489075,0.0,2000,2000
391,2079.571741751468,500.0,0.0,976.4164404975261,0.0,2000,2000
392,2080.5481658062945,500.0,0.0,976.4240548264961,0.0,2000,2000
393,2081.524597324676,500.0,0.0,976.4315183816506,0.0,2000,2000
394,2082.5010361588247,500.0,0.0,976.4388341485112,0.0,2000,2000
395,2083.477482163878,500.0,0.0,976.4460050534822,0.0,2000,2000
396,2084.453935197843,500.0,0.0,976.4530339650212,0.0,2000,2000
397,2085.4303951215375,500.0,0.0,976.4599236947864,0.0,2000,2000
398,2086.4068617985363,500.0,0.0,976.4666769987618,0.0,2000,2000
399,2087.3833350951145,500.0,0.0,976.4732965783589,0.0,2000,2000
400,2088.359814880196,500.0,0.0,976.4797850814979,0.0,2000,2000
401,2089.3363010252997,500.0,0.0,976.4861451036664,0.0,2000,2000
402,2090.3127934044887,500.0,0.0,976.4923791889582,0.0,2000,2000
403,2091.28929189432,500.0,0.0,976.4984898310905,0.0,2000,2000
404,2092.2657963737943,500.0,0.0,976.5044794744016,0.0,2000,2000
405,2093.242306724309,500.0,0.0,976.5103505148287,0.0,2000,2000
406,2094.21882282961,500.0,0.0,976.5161053008663,0.0,2000,2000
407,2095.1953445757445,500.0,0.0,976.5217461345055,0.0,2000,2000
408,2096.1718718510165,500.0,0.0,976.5272752721551,0.0,2000,2000
409,2097.148404545942,500.0,0.0,976.5326949255436,0.0,2000,2000
410,2098.1249425532046,500.0,0.0,976.5380072626049,0.0,2000,2000
411,2099.1014857676128,500.0,0.0,976.5432144083445,0.0,2000,2000
412,2100.0780340860583,500.0,0.0,976.5483184456903,0.0,2000,2000
413,2101.0545874074746,500.0,0.0,976.553321416325,0.0,2000,2000
414,2102.0311456327963,500.0,0.0,976.5582253215039,0.0,2000,2000
415,2103.0077086649194,500.0,0.0,976.5630321228541,0.0,2000,2000
416,2103.9842764086625,500.0,0.0,976.5677437431605,0.0,2000,2000
417,2104.9608487707296,500.0,0.0,976.5723620671339,0.0,2000,2000
418,2105.9374256596716,500.0,0.0,976.5768889421655,0.0,2000,2000
419,2106.914006985851,500.0,0.0,976.5813261790657,0.0,2000,2000
420,2107.890592661404,500.0,0.0,976.5856755527885,0.0,2000,2000
421,2108.867182600207,500.0,0.0,976.5899388031413,0.0,2000,2000
422,2109.8437767178425,500.0,0.0,976.5941176354811,0.0,2000,2000
423,2110.820374931564,500.0,0.0,976.5982137213965,0.0,2000,2000
424,2111.7969771602634,500.0,0.0,976.6022286993766,0.0,2000,2000
425,2112.7735833244387,500.0,0.0,976.606164175466,0.0,2000,2000
426,2113.7501933461626,500.0,0.0,976.6100217239076,0.0,2000,2000
427,2114.7268071490503,500.0,0.0,976.6138028877723,0.0,2000,2000
428,2115.70342465823,500.0,0.0,976.617509179576,0.0,2000,2000
429,2116.6800458003117,500.0,0.0,976.621142081885,0.0,2000,2000
430,2117.6566705033597,500.0,0.0,976.6247030479084,0.0,2000,2000
431,2118.633298696862,500.0,0.0,976.6281935020803,0.0,2000,2000
432,2119.6099303117026,500.0,0.0,976.6316148406288,0.0,2000,2000
433,2120.586565280135,500.0,0.0,976.634968432135,0.0,2000,2000
434,2121.563203535753,500.0,0.0,976.6382556180802,0.0,2000,2000
435,2122.539845013466,500.0,0.0,976.6414777133825,0.0,2000,2000
436,2123.516489649473,500.0,0.0,976.6446360069232,0.0,2000,2000
437,2124.493137381235,500.0,0.0,976.6477317620617,0.0,2000,2000
438,2125.469788147452,500.0,0.0,976.6507662171413,0.0,2000,2000
439,2126.446441888038,500.0,0.0,976.6537405859846,0.0,2000,2000
440,2127.4230985440963,500.0,0.0,976.6566560583786,0.0,2000,2000
441,2128.399758057897,500.0,0.0,976.6595138005514,0.0,2000,2000
442,2129.376420372853,500.0,0.0,976.6623149556377,0.0,2000,2000
443,2130.353085433497,500.0,0.0,976.6650606441372,0.0,2000,2000
444,2131.3297531854614,500.0,0.0,976.6677519643616,0.0,2000,2000
445,2132.306423575454,500.0,0.0,976.670389992875,0.0,2000,2000
446,2133.283096551239,500.0,0.0,976.672975784924,0.0,2000,2000
447,2134.2597720616136,500.0,0.0,976.6755103748599,0.0,2000,2000
448,2135.2364500563904,500.0,0.0,976.6779947765524,0.0,2000,2000
449,2136.213130486374,500.0,0.0,976.6804299837954,0.0,2000,2000
450,2137.189813303345,500.0,0.0,976.6828169707042,0.0,2000,2000
451,2138.166498460037,500.0,0.0,976.6851566921054,0.0,2000,2000
452,2139.143185910121,500.0,0.0,976.6874500839187,0.0,2000,2000
453,2140.1198756081844,500.0,0.0,976.6896980635315,0.0,2000,2000
454,2141.0965675097145,500.0,0.0,976.6919015301656,0.0,2000,2000
455,2142.07326157108,500.0,0.0,976.6940613652371,0.0,2000,2000
456,2143.0499577495125,500.0,0.0,976.6961784327086,0.0,2000,2000
457,2144.026656003092,500.0,0.0,976.6982535794356,0.0,2000,2000
458,2145.0033562907274,500.0,0.0,976.7002876355042,0.0,2000,2000
459,2145.980058572142,500.0,0.0,976.7022814145641,0.0,2000,2000
460,2146.956762807856,500.0,0.0,976.7042357141536,0.0,2000,2000
461,2147.9334689591724,500.0,0.0,976.7061513160183,0.0,2000,2000
462,2148.910176988159,500.0,0.0,976.7080289864248,0.0,2000,2000
463,2149.8868868576355,500.0,0.0,976.7098694764661,0.0,2000,2000
464,2150.863598531158,500.0,0.0,976.7116735223628,0.0,2000,2000
465,2151.8403119730037,500.0,0.0,976.7134418457574,0.0,2000,2000
466,2152.8170271481576,500.0,0.0,976.7151751540027,0.0,2000,2000
467,2153.793744022298,500.0,0.0,976.7168741404453,0.0,2000,2000
468,2154.770462561783,500.0,0.0,976.7185394847022,0.0,2000,2000
469,2155.747182733636,500.0,0.0,976.7201718529334,0.0,2000,2000
470,2156.723904505534,500.0,0.0,976.7217718981079,0.0,2000,2000
471,2157.7006278457943,500.0,0.0,976.7233402602653,0.0,2000,2000
472,2158.6773527233613,500.0,0.0,976.7248775667713,0.0,2000,2000
473,2159.6540791077937,500.0,0.0,976.7263844325688,0.0,2000,2000
474,2160.630806969254,500.0,0.0,976.7278614604244,0.0,2000,2000
475,2161.6075362784954,500.0,0.0,976.729309241169,0.0,2000,2000
476,2162.5842670068496,500.0,0.0,976.730728353934,0.0,2000,2000
477,2163.560999126216,500.0,0.0,976.7321193663835,0.0,2000,2000
478,2164.5377326090506,500.0,0.0,976.733482834941,0.0,2000,2000
479,2165.5144674283556,500.0,0.0,976.7348193050123,0.0,2000,2000
480,2166.4912035576667,500.0,0.0,976.736129311203,0.0,2000,2000
481,2167.4679409710443,500.0,0.0,976.7374133775331,0.0,2000,2000
482,2168.444679643062,500.0,0.0,976.7386720176464,0.0,2000,2000
483,2169.421419548797,500.0,0.0,976.7399057350157,0.0,2000,2000
484,2170.3981606638204,500.0,0.0,976.7411150231442,0.0,2000,2000
485,2171.3749029641863,500.0,0.0,976.7423003657634,0.0,2000,2000
486,2172.3516464264235,500.0,0.0,976.7434622370262,0.0,2000,2000
487,2173.328391027525,500.0,0.0,976.7446011016965,0.0,2000,2000
488,2174.3051367449402,500.0,0.0,976.7457174153354,0.0,2000,2000
489,2175.281883556565,500.0,0.0,976.7468116244834,0.0,2000,2000
490,2176.2586314407317,500.0,0.0,976.7478841668385,0.0,2000,2000
491,2177.235380376203,500.0,0.0,976.748935471432,0.0,2000,2000
492,2178.212130342162,500.0,0.0,976.7499659587999,0.0,2000,2000
493,2179.188881318203,500.0,0.0,976.7509760411507,0.0,2000,2000
494,2180.165633284326,500.0,0.0,976.7519661225309,0.0,2000,2000
495,2181.142386220925,500.0,0.0,976.7529365989863,0.0,2000,2000
496,2182.1191401087835,500.0,0.0,976.7538878587202,0.0,2000,2000
497,2183.0958949290657,500.0,0.0,976.7548202822494,0.0,2000,2000
498,2184.072650663308,500.0,0.0,976.7557342425557,0.0,2000,2000
499,2185.0494072934134,500.0,0.0,976.7566301052354,0.0,2000,2000
500,2186.026164801642,500.0,0.0,976.7575082286455,0.0,2000,2000
501,2187.002923170606,500.0,0.0,976.7583689640471,0.0,2000,2000
502,2187.979682383262,500.0,0.0,976.7592126557458,0.0,2000,2000
503,2188.9564424229034,500.0,0.0,976.7600396412296,0.0,2000,2000
504,2189.9332032731545,500.0,0.0,976.7608502513036,0.0,2000,2000
505,2190.9099649179648,500.0,0.0,976.7616448102227,0.0,2000,2000
506,2191.886727341601,500.0,0.0,976.762423635821,0.0,2000,2000
507,2192.8634905286403,500.0,0.0,976.7631870396393,0.0,2000,2000
508,2193.8402544639675,500.0,0.0,976.7639353270491,0.0,2000,2000
509,2194.817019132765,500.0,0.0,976.7646687973755,0.0,2000,2000
510,2195.793784520509,500.0,0.0,976.7653877440164,0.0,2000,2000
511,2196.7705506129632,500.0,0.0,976.76609245456,0.0,2000,2000
512,2197.747317396174,500.0,0.0,976.7667832108998,0.0,2000,2000
513,2198.7240848564634,500.0,0.0,976.7674602893477,0.0,2000,2000
514,2199.7008529804243,500.0,0.0,976.768123960744,0.0,2000,2000
515,2200.677621754915,500.0,0.0,976.7687744905662,0.0,2000,2000
516,2201.654391167054,500.0,0.0,976.7694121390349,0.0,2000,2000
517,2202.6311612042155,500.0,0.0,976.7700371612179,0.0,2000,2000
518,2203.607931854023,500.0,0.0,976.7706498071325,0.0,2000,2000
519,2204.5847031043445,500.0,0.0,976.7712503218452,0.0,2000,2000
520,2205.5614749432902,500.0,0.0,976.7718389455698,0.0,2000,2000
521,2206.538247359204,500.0,0.0,976.7724159137638,0.0,2000,2000
522,2207.515020340661,500.0,0.0,976.772981457222,0.0,2000,2000
523,2208.4917938764634,500.0,0.0,976.7735358021696,0.0,2000,2000
524,2209.4685679556337,500.0,0.0,976.7740791703517,0.0,2000,2000
525,2210.445342567413,500.0,0.0,976.7746117791229,0.0,2000,2000
526,2211.422117701254,500.0,0.0,976.7751338415338,0.0,2000,2000
527,2212.3988933468204,500.0,0.0,976.7756455664164,0.0,2000,2000
528,2213.375669493979,500.0,0.0,976.7761471584674,0.0,2000,2000
529,2214.352446132797,500.0,0.0,976.7766388183304,0.0,2000,2000
530,2215.3292232535396,500.0,0.0,976.7771207426758,0.0,2000,2000
531,2216.3060008466637,500.0,0.0,976.7775931242799,0.0,2000,2000
532,2217.2827789028156,500.0,0.0,976.7780561521014,0.0,2000,2000
533,2218.259557412827,500.0,0.0,976.7785100113578,0.0,2000,2000
534,2219.2363363677105,500.0,0.0,976.7789548835987,0.0,2000,2000
535,2220.2131157586573,500.0,0.0,976.779390946779,0.0,2000,2000
536,2221.1898955770325,500.0,0.0,976.7798183753299,0.0,2000,2000
537,2222.166675814373,500.0,0.0,976.7802373402284,0.0,2000,2000
538,2223.143456462382,500.0,0.0,976.780648009066,0.0,2000,2000
539,2224.120237512928,500.0,0.0,976.7810505461158,0.0,2000,2000
540,2225.0970189580403,500.0,0.0,976.781445112398,0.0,2000,2000
541,2226.073800789906,500.0,0.0,976.7818318657444,0.0,2000,2000
542,2227.0505830008665,500.0,0.0,976.7822109608613,0.0,2000,2000
543,2228.0273655834158,500.0,0.0,976.782582549392,0.0,2000,2000
544,2229.004148530196,500.0,0.0,976.7829467799769,0.0,2000,2000
545,2229.980931833994,500.0,0.0,976.783303798313,0.0,2000,2000
546,2230.957715487741,500.0,0.0,976.7836537472124,0.0,2000,2000
547,2231.934499484508,500.0,0.0,976.7839967666592,0.0,2000,2000
548,2232.9112838175015,500.0,0.0,976.784332993866,0.0,2000,2000
549,2233.8880684800647,500.0,0.0,976.784662563328,0.0,2000,2000
550,2234.864853465672,500.0,0.0,976.7849856068774,0.0,2000,2000
551,2235.8416387679254,500.0,0.0,976.785302253736,0.0,2000,2000
552,2236.818424380556,500.0,0.0,976.7856126305666,0.0,2000,2000
553,2237.7952102974173,500.0,0.0,976.7859168615241,0.0,2000,2000
554,2238.7719965124857,500.0,0.0,976.7862150683052,0.0,2000,2000
555,2239.7487830198556,500.0,0.0,976.7865073701963,0.0,2000,2000
556,2240.7255698137396,500.0,0.0,976.7867938841222,0.0,2000,2000
557,2241.7023568884642,500.0,0.0,976.7870747246923,0.0,2000,2000
558,2242.6791442384683,500.0,0.0,976.7873500042465,0.0,2000,2000
559,2243.6559318583013,500.0,0.0,976.7876198329003,0.0,2000,2000
560,2244.63271974262,500.0,0.0,976.7878843185888,0.0,2000,2000
561,2245.609507886187,500.0,0.0,976.7881435671097,0.0,2000,2000
562,2246.586296283869,500.0,0.0,976.788397682166,0.0,2000,2000
563,2247.5630849306344,500.0,0.0,976.788646765407,0.0,2000,2000
564,2248.539873821551,500.0,0.0,976.7888909164693,0.0,2000,2000
565,2249.516662951784,500.0,0.0,976.7891302330167,0.0,2000,2000
566,2250.493452316595,500.0,0.0,976.789364810779,0.0,2000,2000
567,2251.4702419113382,500.0,0.0,976.7895947435904,0.0,2000,2000
568,2252.4470317314617,500.0,0.0,976.7898201234271,0.0,2000,2000
569,2253.4238217725024,500.0,0.0,976.7900410404441,0.0,2000,2000
570,2254.4006120300855,500.0,0.0,976.790257583011,0.0,2000,2000
571,2255.3774024999234,500.0,0.0,976.7904698377478,0.0,2000,2000
572,2256.354193177813,500.0,0.0,976.7906778895592,0.0,2000,2000
573,2257.330984059635,500.0,0.0,976.7908818216687,0.0,2000,2000
574,2258.3077751413507,500.0,0.0,976.7910817156519,0.0,2000,2000
575,2259.284566419002,500.0,0.0,976.791277651469,0.0,2000,2000
576,2260.26135788871,500.0,0.0,976.7914697074971,0.0,2000,2000
577,2261.2381495466702,500.0,0.0,976.7916579605609,0.0,2000,2000
578,2262.214941389156,500.0,0.0,976.7918424859643,0.0,2000,2000
579,2263.1917334125137,500.0,0.0,976.7920233575198,0.0,2000,2000
580,2264.1685256131614,500.0,0.0,976.7922006475787,0.0,2000,2000
581,2265.1453179875884,500.0,0.0,976.7923744270593,0.0,2000,2000
582,2266.122110532354,500.0,0.0,976.7925447654754,0.0,2000,2000
583,2267.098903244085,500.0,0.0,976.792711730965,0.0,2000,2000
584,2268.075696119475,500.0,0.0,976.7928753903165,0.0,2000,2000
585,2269.052489155284,500.0,0.0,976.7930358089956,0.0,2000,2000
586,2270.029282348335,500.0,0.0,976.793193051172,0.0,2000,2000
587,2271.006075695515,500.0,0.0,976.7933471797447,0.0,2000,2000
588,2271.9828691937714,500.0,0.0,976.7934982563672,0.0,2000,2000
589,2272.9596628401127,500.0,0.0,976.7936463414721,0.0,2000,2000
590,2273.936456631607,500.0,0.0,976.7937914942955,0.0,2000,2000
591,2274.91325056538,500.0,0.0,976.7939337729005,0.0,2000,2000
592,2275.890044638614,500.0,0.0,976.7940732342003,0.0,2000,2000
593,2276.866838848548,500.0,0.0,976.7942099339813,0.0,2000,2000
594,2277.843633192475,500.0,0.0,976.7943439269253,0.0,2000,2000
595,2278.8204276677416,500.0,0.0,976.7944752666313,0.0,2000,2000
596,2279.797222271747,500.0,0.0,976.7946040056368,0.0,2000,2000
597,2280.7740170019424,500.0,0.0,976.7947301954392,0.0,2000,2000
598,2281.750811855829,500.0,0.0,976.7948538865162,0.0,2000,2000
599,2282.7276068309575,500.0,0.0,976.7949751283456,0.0,2000,2000
600,2283.704401924927,500.0,0.0,976.795093969426,0.0,2000,2000
601,2284.681197135384,500.0,0.0,976.7952104572954,0.0,2000,2000
602,2285.657992460023,500.0,0.0,976.7953246385504,0.0,2000,2000
603,2286.6347878965817,500.0,0.0,976.795436558865,0.0,2000,2000
604,2287.6115834428447,500.0,0.0,976.795546263009,0.0,2000,2000
605,2288.5883790966395,500.0,0.0,976.7956537948653,0.0,2000,2000
